epoch,steps,cosine_pearson,cosine_spearman,euclidean_pearson,euclidean_spearman,manhattan_pearson,manhattan_spearman,dot_pearson,dot_spearman
0,-1,0.827410470302208,0.8278068338876987,0.825113968049874,0.8228655066386119,0.8245736377826971,0.8224698772037813,0.8091790087819385,0.7990676003774637
1,-1,0.8511568534988012,0.8545906983030872,0.8528813013542718,0.8512741632291531,0.8520678769455464,0.8505221787251039,0.8314696382851678,0.823175273756025
2,-1,0.8484718060242655,0.852327429079642,0.8482385570197897,0.8469533684362206,0.8476323612292416,0.8465093076319435,0.8268231365598095,0.8191859578392416
3,-1,0.8469747799065913,0.8506024560933264,0.8481876825743149,0.8463010182050663,0.8477720332393144,0.8460256123210557,0.8248794043628798,0.8165066072381264
4,-1,0.8480335414635942,0.8521607990715587,0.8481138776969139,0.8469284858567934,0.8477103267893297,0.8466046048506494,0.8244199585395058,0.8167153920795343
